sn2004s,0.01,0,14.183,0.042,0.973,0.026,0.035,0.025,12.07,53039.56,0.6,BVR,1
sn1999ac,0.01,0,14.13,0.03,0.987,0.009,0.056,0.018,9.92,51249.82,0.07,BVR,2
sn1997do,0.011,0,14.317,0.036,0.983,0.023,0.056,0.025,12.07,50765.81,0.14,BVR,2
sn2006bh,0.011,0.001,14.347,0.021,0.814,0.008,-0.045,0.019,10.91,53833.01,0.06,BgVr,3
sn2002dp,0.011,0,14.597,0.03,0.973,0.029,0.113,0.024,10.47,52450.45,0.2,BVR,4
sn2005al,0.012,0.001,14.843,0.026,0.871,0.013,-0.073,0.02,12.07,53429.38,0.27,BgVr,3
sn2001ep,0.013,0,14.904,0.025,0.903,0.024,0.088,0.02,10.29,52199.71,0.12,BVR,4
sn1997e,0.014,0,15.118,0.041,0.819,0.017,0.036,0.022,11.19,50467.43,0.14,BVR,2
sn2001fe,0.015,0,14.685,0.024,1.077,0.028,-0.002,0.022,10.19,52228.3,0.38,BVR,4
sn2005bo,0.014,0.001,15.646,0.025,0.867,0.021,0.236,0.02,12.07,53478.56,0.29,BgVr,3
sn2002ha,0.014,0,14.703,0.038,0.867,0.02,-0.056,0.024,11.11,52580.56,0.19,BVR,4
sn2006n,0.015,0,15.09,0.037,0.787,0.018,-0.023,0.021,10.81,53760.2,0.34,BVr,4
sn1999dq,0.014,0,14.409,0.037,1.103,0.007,0.075,0.019,10.69,51435.55,0.06,BVR,2
sn1999aa,0.016,0,14.728,0.022,1.12,0.007,-0.052,0.018,10.7,51231.9,0.06,BVR,"2, 5, 6"
sn1992al,0.014,0,14.499,0.026,0.959,0.018,-0.087,0.023,12.07,48837.58,0.16,BVR,7
sn2001bt,0.014,0,15.317,0.029,0.899,0.01,0.18,0.022,12.07,52063.44,0.09,BVR,8
sn2005el,0.015,0,14.842,0.039,0.838,0.01,-0.08,0.021,12.07,53646.11,0.07,BVr,4
sn1999dk,0.014,0,14.881,0.028,0.991,0.023,0.086,0.027,10.16,51414.39,0.28,BV,"5, 9"
sn2001v,0.016,0,14.596,0.024,1.111,0.012,0.025,0.02,10.84,51973.2,0.08,BVR,4
sn2005kc,0.015,0,15.502,0.043,0.933,0.008,0.176,0.021,10.93,53697.16,0.07,BgVr,3
sn1994s,0.015,0,14.801,0.029,1.031,0.033,-0.037,0.026,10.45,49517.38,0.31,BVR,10
sn2001cz,0.016,0,15.083,0.034,1.007,0.015,0.071,0.021,12.07,52103.2,0.13,BVR,8
sn2001cn,0.015,0.001,15.306,0.031,0.933,0.02,0.145,0.02,12.07,52071.7,0.48,BVR,8
sn2001bf,0.015,0,14.719,0.039,1.1,0.034,0,0.022,12.07,52045.01,0.65,BVR,4
sn2004eo,0.015,0,15.104,0.036,0.88,0.005,0.058,0.019,10.98,53277.95,0.04,BVR,11
sn2004ey,0.016,0.001,14.676,0.052,1.001,0.009,-0.107,0.02,9.95,53303.76,0.05,BgVr,3
sn2001en,0.015,0,15.095,0.077,0.877,0.087,0.038,0.025,10.66,52192.9,2.5,BVR,4
sn2006td,0.016,0,15.735,0.035,0.841,0.03,0.123,0.023,12.07,54098.75,0.4,BVr,4
sn1996bv,0.017,0,15.353,0.048,1.064,0.04,0.162,0.026,12.07,50403.34,0.77,BVR,10
sn2006ax,0.017,0,14.984,0.027,1.001,0.008,-0.091,0.019,8.93,53826.61,0.05,BgVr,3
sn2001da,0.017,0,15.464,0.069,0.778,0.183,0.078,0.04,10.46,52107.37,3.47,BVR,4
sn2000dk,0.018,0,15.361,0.029,0.768,0.014,-0.001,0.021,12.07,51811.98,0.08,BVR,2
sn1998v,0.017,0,15.105,0.062,0.983,0.035,0.004,0.026,11,50890.49,0.65,BVR,2
sn1998ef,0.018,0,14.832,0.035,0.892,0.025,-0.068,0.023,12.07,51113.18,0.22,BVR,2
sn2007ci,0.019,0,15.909,0.029,0.729,0.014,0.066,0.025,11.12,54246.16,0.05,BVr,4
sn1992bo,0.019,0,15.79,0.027,0.771,0.011,-0.03,0.024,12.07,48985.35,0.07,BVR,7
sn2002kf,0.02,0,15.664,0.045,0.862,0.034,-0.032,0.023,12.07,52638.99,0.74,BVR,4
sn2005ki,0.02,0,15.536,0.023,0.844,0.007,-0.067,0.021,11.18,53704.64,0.08,BgVr,3
sn2003w,0.021,0,15.89,0.024,0.993,0.014,0.134,0.02,10.62,52679.83,0.09,BVR,4
sn1992bc,0.021,0,15.145,0.022,1.081,0.011,-0.086,0.02,12.07,48911.79,0.07,BVR,7
sn2006ej,0.02,0,15.779,0.033,0.853,0.026,0.026,0.025,12.07,53975.99,0.71,BVr,4
sn2007bc,0.022,0,15.912,0.025,0.852,0.022,0.011,0.024,10.81,54199.73,0.24,BVr,4
sn2002jy,0.022,0.001,15.758,0.03,1.109,0.028,-0.008,0.022,10.59,52633.26,0.53,BVR,4
sn2008bf,0.022,0,15.739,0.023,1.034,0.015,0.013,0.02,11.21,54554.19,0.13,BVr,4
sn2006bq,0.022,0,16.191,0.033,0.848,0.018,0.079,0.02,10.84,53846.57,0.47,BVr,4
sn2006et,0.022,0,16.003,0.03,1.11,0.039,0.166,0.026,12.07,53993.25,0.5,BVr,4
sn2006cp,0.023,0,16.015,0.031,1.052,0.015,0.099,0.022,10.1,53897.12,0.15,BVr,4
sn2006ar,0.023,0,16.486,0.026,0.903,0.029,0.128,0.023,9.85,53813.22,0.18,BVr,4
sn1995ak,0.022,0,15.982,0.072,0.85,0.049,0.011,0.037,12.07,50021.2,1.72,BV,10
sn2006mp,0.023,0.002,16.009,0.024,1.092,0.022,0.036,0.022,12.07,54053.46,0.13,BVr,4
sn2005bg,0.025,0.001,15.833,0.026,1.044,0.019,-0.003,0.02,10.16,53468.65,0.37,BgVr,3
sn2006ac,0.023,0,16.193,0.022,0.895,0.012,0.08,0.02,10.87,53781.25,0.11,BVr,4
sn1994m,0.025,0,16.278,0.039,0.83,0.024,0.043,0.025,11.04,49474.04,0.68,BVR,"5, 10"
sn2000cn,0.024,0,16.554,0.029,0.755,0.018,0.115,0.022,12.07,51706.81,0.06,BVR,2
sn2007f,0.024,0,15.914,0.037,1.059,0.01,-0.02,0.02,10.03,54123.22,0.07,BVr,4
sn2000ca,0.023,0,15.606,0.029,1.062,0.024,-0.073,0.021,12.07,51665.05,0.28,BVR,12
sn2007qe,0.024,0.001,16.074,0.023,1.059,0.008,0.067,0.02,12.07,54428.9,0.06,BVr,4
sn2006sr,0.024,0,16.157,0.034,0.852,0.019,0.011,0.022,10.59,54092.26,0.2,BVr,4
sn1993h,0.024,0,16.766,0.033,0.726,0.015,0.179,0.025,12.07,49068.98,0.29,BVR,"5, 7"
sn2002bf,0.025,0,16.358,0.051,0.936,0.03,0.169,0.031,10.6,52337.72,0.37,BVR,13
sn2002he,0.025,0,16.271,0.043,0.82,0.022,-0.012,0.029,12.07,52585.62,0.1,BVR,4
sn1992ag,0.025,0.002,16.355,0.041,0.95,0.033,0.18,0.037,12.07,48805.3,0.61,BV,7
sn2005ms,0.027,0,16.18,0.024,1.045,0.016,-0.01,0.021,10.41,53743.32,0.11,BVr,4
sn1992p,0.028,0,16.097,0.032,1.079,0.084,-0.063,0.035,10.39,48717.02,1.37,BV,7
sn2007cq,0.025,0,15.85,0.038,0.938,0.018,0.003,0.022,12.07,54280.39,0.09,BVr,4
sn2005na,0.027,0,15.934,0.03,0.95,0.012,-0.078,0.021,12.07,53739.9,0.18,BgVr,3
sn2004gs,0.027,0.001,17.146,0.022,0.768,0.009,0.167,0.021,11.08,53355.87,0.08,BgVr,3
sn1999gp,0.027,0,16.044,0.026,1.182,0.014,0.029,0.026,12.07,51549.65,0.11,BV,"2, 9"
sn2007co,0.027,0,16.491,0.037,0.964,0.01,0.098,0.019,12.07,54264.51,0.08,BVr,4
sn1998ab,0.028,0,16.089,0.03,0.982,0.019,0.066,0.025,10.79,50913.56,0.1,BVR,2
sn2002de,0.028,0,16.699,0.024,1.062,0.057,0.139,0.022,10.81,52433.23,0.17,BVR,4
sn2003u,0.029,0.001,16.521,0.039,0.791,0.036,0.003,0.032,10.66,52676.78,0.12,BVR,4
sn2005eq,0.029,0,16.322,0.03,1.159,0.014,0.026,0.02,10.55,53653.52,0.13,BVr,4
sn2001ba,0.03,0,16.244,0.029,1.008,0.016,-0.095,0.031,12.07,52033.46,0.21,BV,12
sn1996c,0.031,0,16.654,0.034,1.073,0.029,0.087,0.025,10.31,50127.93,0.82,BVR,10
sn2006qo,0.03,0,16.865,0.026,1.048,0.012,0.192,0.022,12.07,54082.26,0.1,BVr,4
sn2003ch,0.03,0.001,16.725,0.031,0.842,0.026,-0.001,0.023,12.07,52725.86,0.41,BVR,4
sn1990o,0.03,0,16.267,0.042,1.047,0.037,-0.018,0.03,12.07,48075.45,0.65,BVR,7
sn1997dg,0.031,0,16.84,0.034,0.941,0.037,-0.024,0.024,12.07,50719.58,0.52,BVR,2
sn2006az,0.031,0,16.517,0.02,0.858,0.009,-0.064,0.019,11.31,53826.21,0.09,BVr,4
sn2004as,0.033,0,17.011,0.025,1.049,0.031,0.077,0.024,9.35,53085.39,0.19,BVR,4
sn2007bd,0.032,0,16.614,0.024,0.844,0.014,-0.021,0.022,10.74,54205.91,0.11,BVr,4
sn1999cc,0.032,0,16.783,0.02,0.812,0.015,0.015,0.019,11.04,51314.99,0.15,BVR,"2, 14"
sn2006s,0.033,0,16.898,0.02,1.112,0.013,0.074,0.019,10.45,53769.27,0.13,BVr,4
sn2006bt,0.031,0,16.971,0.023,1.011,0.019,0.13,0.019,11.38,53857.69,0.16,BVr,4
sn2004l,0.033,0,17.385,0.047,0.925,0.037,0.192,0.03,10.45,53028.99,0.98,BVR,4
sn2005iq,0.034,0,16.76,0.02,0.878,0.009,-0.085,0.021,12.07,53687.16,0.06,BgVr,3
sn2003iv,0.035,0,17.03,0.047,0.741,0.055,-0.04,0.028,12.07,52934.43,0.45,BVR,4
sn2006gr,0.034,0,17.009,0.031,1.103,0.013,0.1,0.02,12.07,54012.6,0.08,BVr,4
sn2005eu,0.035,0,16.521,0.049,1.101,0.014,-0.027,0.03,12.07,53659.71,0.12,BVr,4
sn2002hd,0.036,0,16.867,0.057,0.858,0.176,0.081,0.024,12.07,52576.96,2.41,BVR,4
sn1992bg,0.035,0,16.749,0.077,0.956,0.043,-0.037,0.041,12.07,48914.3,1.2,BV,7
sn1996bl,0.035,0,16.677,0.039,0.979,0.022,0.006,0.025,12.07,50375.88,0.23,BVR,10
sn2000cf,0.037,0,17.05,0.031,0.916,0.02,-0.023,0.022,12.07,51672.33,0.54,BVR,"2, 14"
sn2006mo,0.037,0,17.486,0.037,0.759,0.022,0.065,0.028,10.93,54047.63,0.35,BVr,4
sn2001eh,0.037,0,16.667,0.029,1.185,0.027,-0.004,0.022,12.07,52168.53,0.5,BVR,4
sn1999aw,0.039,0.001,16.791,0.024,1.234,0.016,-0.032,0.022,12.07,51253.48,0.15,BVR,15
sn2002hu,0.038,0.001,16.69,0.024,1.045,0.018,-0.058,0.021,12.07,52591.75,0.15,BVR,4
sn2003fa,0.039,0.001,16.763,0.026,1.152,0.015,-0.01,0.021,12.07,52806.51,0.07,BVR,4
sn2001az,0.04,0,16.986,0.047,1.108,0.066,-0.049,0.026,10.66,52030.66,1.04,BVR,4
sn2005lz,0.041,0,17.674,0.035,0.844,0.023,0.093,0.023,12.07,53735.57,0.14,BVr,4
sn1992bl,0.042,0,17.345,0.051,0.815,0.029,-0.035,0.04,12.07,48946.22,0.85,BV,7
sn1992bh,0.042,0,17.649,0.03,0.99,0.029,0.065,0.036,12.07,48919.52,0.6,BV,7
sn2004gu,0.047,0.001,17.439,0.023,1.141,0.013,0.101,0.022,10.23,53361.49,0.17,BgVr,3
sn2005hc,0.045,0,17.302,0.025,1.078,0.011,-0.006,0.024,10.55,53666.77,0.11,BgVr,3
sn1993ag,0.049,0,17.865,0.043,0.884,0.038,0.085,0.04,12.07,49316.41,0.41,BV,7
sn1995ac,0.049,0,17.091,0.026,1.085,0.016,-0.012,0.022,7.89,49992.12,0.16,BVR,10
sn1990af,0.05,0,17.796,0.026,0.741,0.018,-0.006,0.034,12.07,48195.48,0.15,BV,7
sn1993o,0.053,0,17.656,0.029,0.906,0.013,-0.073,0.034,12.07,49133.6,0.14,BV,7
sn1999ao,0.055,0.001,17.906,0.035,0.95,0.031,-0.017,0.026,12.07,51244.92,0.62,BVR,16
sn1998dx,0.054,0,17.546,0.042,0.844,0.049,-0.088,0.029,12.07,51070.83,0.82,BVR,2
sn2006ob,0.059,0,18.302,0.025,0.741,0.018,0.022,0.024,11.32,54062.94,0.11,BVri,4
sn2006oa,0.058,0,17.955,0.026,1.131,0.028,0.023,0.022,8.98,54066.21,0.12,BVri,4
SDSS3901,0.063,0,18.015,0.026,1.117,0.01,0.051,0.024,9.74,53656.13,0.1,gri,17
sn1992bs,0.063,0,18.317,0.04,0.966,0.037,-0.018,0.04,12.07,48984.73,0.88,BV,7
sn2006an,0.065,0.001,18.195,0.036,1.061,0.042,0.016,0.024,7.99,53790.76,0.77,BVri,4
sn2007ae,0.063,0,17.832,0.048,1.198,0.039,0.002,0.027,11.32,54151.35,1.17,BVri,4
SDSS10028,0.065,0,18.373,0.029,0.891,0.024,0.054,0.027,10.53,53693.17,0.21,gri,17
SDSS6057,0.067,0,18.641,0.044,0.944,0.016,0.129,0.026,9.94,53662.91,0.13,gri,17
sn2006al,0.069,0,18.485,0.056,0.809,0.04,-0.063,0.032,10.25,53787.69,0.96,BVri,4
sn1993b,0.07,0,18.497,0.055,0.914,0.054,0.057,0.044,12.07,49005.02,1.2,BV,7
sn2006on,0.068,0.01,18.494,0.061,1.038,0.085,0.104,0.044,10.33,54063.77,0.6,BVri,4
sn1992ae,0.075,0,18.448,0.054,0.944,0.043,-0.027,0.049,12.07,48802.12,1.09,BV,7
sn2005ir,0.075,0,18.4,0.02,1.043,0.012,0.014,0.018,10.18,53684.55,0.1,gri,17
sn1999bp,0.078,0.001,18.422,0.026,1.065,0.027,-0.037,0.025,12.07,51263.34,0.25,BVR,16
sn1992bp,0.079,0,18.335,0.032,0.877,0.021,-0.075,0.039,12.07,48980.19,0.32,BV,7
sn2005ag,0.08,0.001,18.44,0.023,1.029,0.013,-0.014,0.023,10.9,53413.83,0.18,BgVr,3
SDSS1241,0.087,0,19.103,0.032,0.929,0.013,0.072,0.024,10.17,53634.5,0.13,gri,17
SDSS3592,0.087,0,18.751,0.026,0.975,0.011,-0.04,0.021,10.4,53644.32,0.09,gri,17
SDSS6773,0.09,0,18.663,0.045,0.979,0.017,-0.011,0.025,10.42,53677.56,0.14,gri,17
SDSS2102,0.095,0,18.634,0.041,1.133,0.032,-0.094,0.024,8.77,53618.61,0.92,gri,17
SDSS10434,0.104,0,19.185,0.042,1.01,0.033,-0.053,0.029,10.95,53695.72,0.24,gri,17
SDSS3256,0.108,0,19.495,0.051,0.942,0.018,-0.029,0.033,9.62,53650.61,0.31,gri,17
SDSS7147,0.11,0,19.516,0.03,0.796,0.019,-0.034,0.026,10.31,53678.97,0.15,gri,17
SDSS8719,0.116,0,19.392,0.033,0.992,0.021,-0.059,0.025,9.01,53689.03,0.12,gri,17
SDSS5395,0.117,0,19.459,0.031,1.11,0.016,0.002,0.021,8.6,53662.94,0.15,gri,17
SDSS2561,0.118,0,19.813,0.033,0.993,0.017,0.086,0.023,10.57,53638.49,0.17,gri,17
SDSS1371,0.119,0,19.073,0.028,1.072,0.017,-0.076,0.022,10.95,53632.32,0.15,gri,17
SDSS5549,0.121,0,19.654,0.026,1.02,0.015,0.033,0.021,8.75,53665.18,0.13,gri,17
SDSS2916,0.124,0,19.937,0.062,0.875,0.028,0.066,0.038,10.43,53643.11,0.16,gri,17
06D2fb,0.124,0,19.772,0.023,0.964,0.018,-0.004,0.02,9.74,53852.98,0.16,gri,18
SDSS6406,0.125,0,19.616,0.031,1,0.016,0.026,0.021,10.53,53673.97,0.11,gri,17
SDSS2992,0.127,0,20.034,0.046,0.889,0.017,0.127,0.027,9.88,53640,0.22,gri,17
SDSS744,0.128,0,19.793,0.053,1.149,0.046,0.08,0.031,10.15,53611.61,1.1,gri,17
SDSS5751,0.13,0,20.136,0.025,1.068,0.014,0.191,0.02,10.41,53665.21,0.13,gri,17
SDSS1032,0.13,0,20.326,0.044,0.717,0.02,0.088,0.035,10.46,53625.5,0.19,gri,17
SDSS2635,0.143,0,19.83,0.044,1.092,0.015,-0.015,0.023,9.92,53639.37,0.18,gri,17
SDSS1794,0.143,0,20.058,0.045,1.136,0.052,0.018,0.027,9.7,53623.27,0.88,gri,17
SDSS8921,0.145,0,19.961,0.054,1.104,0.027,0.007,0.03,10,53692.3,0.25,gri,17
SDSS5103,0.146,0,20.377,0.03,0.963,0.016,0.055,0.025,8.99,53653.48,0.16,gri,17
SDSS11300,0.147,0,20.309,0.03,0.862,0.065,0.11,0.028,9.29,53699.12,0.31,gri,17
SDSS10106,0.147,0,20.948,0.043,0.99,0.039,0.2,0.031,9.47,53693.49,0.27,gri,17
SDSS2308,0.148,0,19.587,0.029,1.069,0.018,-0.164,0.022,10.34,53629.42,0.18,gri,17
SDSS2031,0.153,0,19.703,0.033,1.049,0.019,-0.091,0.023,9.27,53635.93,0.16,gri,17
SDSS5550,0.156,0,19.844,0.026,1.202,0.022,-0.055,0.022,8.94,53670.46,0.17,gri,17
SDSS2689,0.162,0,20.254,0.033,1.165,0.023,0.095,0.026,11.15,53636.55,0.21,gri,17
SDSS3087,0.165,0,20.266,0.032,1.056,0.02,0.025,0.024,9.37,53647.97,0.14,gri,17
05D3ne,0.169,0,20.251,0.041,0.809,0.026,-0.147,0.031,11.13,53569.98,0.1,gri,18
SDSS5916,0.172,0,20.439,0.034,0.922,0.026,0.014,0.026,10.63,53663.35,0.23,gri,17
SDSS3080,0.174,0,20.236,0.031,0.999,0.021,-0.038,0.023,10.71,53646.79,0.14,gri,17
SDSS5350,0.175,0,20.323,0.063,0.913,0.031,-0.057,0.034,11.11,53657.95,0.27,gri,17
SDSS5635,0.179,0,20.923,0.042,1.011,0.039,0.002,0.032,9.55,53661.19,0.29,gri,17
SDSS2372,0.181,0,20.58,0.035,1.032,0.031,0.045,0.024,10.12,53635.99,0.24,gri,17
SDSS6936,0.181,0,20.575,0.031,1.003,0.032,-0.007,0.025,10.36,53679.67,0.25,gri,17
SDSS1580,0.183,0,20.291,0.044,1.099,0.025,-0.014,0.026,11.2,53633.19,0.19,gri,17
05D2ah,0.184,0.001,20.765,0.025,0.991,0.019,0.019,0.02,9.21,53381.94,0.12,gri,18
SDSS6422,0.184,0,20.274,0.028,1.08,0.023,-0.097,0.022,9.4,53667.1,0.24,gri,17
SDSS8213,0.185,0,21.133,0.041,0.923,0.033,0.179,0.032,10.34,53683.03,0.26,gri,17
SDSS5994,0.187,0,20.476,0.041,1.074,0.031,-0.041,0.026,11.56,53664.8,0.25,gri,17
SDSS6304,0.19,0,20.952,0.028,0.927,0.035,0.095,0.024,10.38,53672.33,0.24,gri,17
SDSS762,0.191,0,20.657,0.034,1.102,0.03,0.009,0.027,10.96,53624.22,0.3,gri,17
SDSS2440,0.193,0,20.653,0.035,1.051,0.031,-0.062,0.026,10.19,53633.94,0.32,gri,17
SDSS7335,0.198,0,21.265,0.042,0.781,0.048,0.067,0.033,11.37,53674.8,0.32,gri,17
SDSS6780,0.202,0,20.947,0.056,0.789,0.035,-0.004,0.035,11.17,53664.56,0.35,gri,17
SDSS7243,0.204,0,20.789,0.046,1.079,0.039,0.002,0.032,8.84,53685.28,0.28,gri,17
SDSS3331,0.206,0,21.089,0.044,0.95,0.031,0.076,0.03,10.59,53649.2,0.21,gri,17
04D1dc,0.211,0.001,21.084,0.026,0.856,0.024,0.023,0.021,10.64,53230.27,0.26,gri,18
SDSS7847,0.212,0,21.225,0.033,1.017,0.043,0.155,0.028,10.31,53681.27,0.29,gri,17
SDSS6933,0.213,0,20.832,0.03,0.995,0.027,0.002,0.025,8.98,53678.94,0.21,gri,17
SDSS8495,0.214,0,20.811,0.049,1.098,0.044,-0.001,0.033,10.73,53689.21,0.27,gri,17
SDSS1316,0.217,0,20.907,0.082,1.058,0.133,-0.073,0.039,9.65,53619.3,3.17,gri,17
SDSS9467,0.218,0,21.057,0.061,0.83,0.039,-0.118,0.049,11.82,53687.9,0.29,gri,17
05D3kx,0.219,0.001,20.867,0.025,1.069,0.013,-0.016,0.021,10.63,53533.17,0.11,griz,18
SDSS7512,0.219,0,21.104,0.044,1.055,0.039,0.027,0.03,9.89,53681.54,0.28,gri,17
SDSS5533,0.22,0,21.173,0.034,0.976,0.031,0.046,0.025,9.44,53666.46,0.28,gri,17
SDSS3452,0.23,0,20.799,0.038,1.092,0.025,-0.068,0.028,9.4,53647.6,0.23,gri,17
SDSS10449,0.244,0,20.995,0.048,1.109,0.08,0.039,0.037,9.55,53697.41,0.78,gri,17
SDSS3377,0.245,0,20.791,0.041,1.12,0.029,-0.06,0.029,8.91,53645.11,0.3,gri,17
05D3mq,0.246,0.001,21.521,0.032,0.912,0.027,0.034,0.025,10.72,53574.94,0.19,griz,18
SDSS3451,0.25,0,20.958,0.037,1.055,0.034,-0.038,0.029,10.82,53644.41,0.28,gri,17
06D3gn,0.25,0,21.892,0.028,0.949,0.015,0.16,0.023,10.59,53920.39,0.12,griz,18
SDSS3199,0.251,0,21.539,0.04,1.164,0.032,0.03,0.032,8.58,53646.22,0.3,gri,17
SDSS5717,0.252,0,21.355,0.034,1.175,0.031,-0.012,0.026,9.04,53663.34,0.26,gri,17
SDSS5736,0.253,0,21.421,0.035,0.949,0.03,0.011,0.026,8.74,53664.84,0.23,gri,17
SDSS9032,0.254,0,21.345,0.058,1.075,0.054,0.041,0.039,8.58,53688.06,0.37,gri,17
SDSS9457,0.257,0,21.453,0.069,0.978,0.064,0.022,0.049,10.86,53688.06,0.41,gri,17
SDSS1112,0.258,0,21.563,0.056,0.918,0.082,0.022,0.044,11.13,53629.35,0.6,gri,17
SDSS8046,0.259,0,21.633,0.044,1.049,0.047,0.077,0.038,11.2,53682.68,0.38,gri,17
SDSS6108,0.259,0,21.537,0.039,1.065,0.055,0.063,0.032,9.21,53674.34,0.48,gri,17
SDSS3241,0.259,0,21.01,0.053,1.057,0.041,-0.168,0.037,11.19,53645.94,0.31,gri,17
SDSS1253,0.262,0,21.23,0.048,0.871,0.044,-0.09,0.041,11.03,53633.37,0.43,gri,17
SDSS2017,0.262,0,21.286,0.053,1.148,0.046,-0.085,0.041,10.4,53635.05,0.41,gri,17
04D3ez,0.263,0.001,21.697,0.026,0.891,0.018,0.089,0.02,10.29,53114.87,0.15,griz,18
05D1hk,0.263,0,21.184,0.032,1.168,0.018,-0.006,0.022,8.93,53717.18,0.12,griz,18
SDSS2422,0.265,0,21.144,0.036,1.112,0.028,-0.156,0.031,9.01,53638.77,0.3,gri,17
SDSS2943,0.265,0,21.372,0.041,1.055,0.041,0.007,0.038,8.82,53639.66,0.47,gri,17
SDSS6315,0.267,0,20.919,0.044,0.971,0.039,-0.166,0.03,9.78,53675.88,0.32,gri,17
06D3fp,0.268,0.001,21.748,0.026,0.999,0.015,0.104,0.019,9.55,53904.5,0.14,griz,18
03D4cj,0.27,0.01,21.052,0.03,1.124,0.014,-0.063,0.02,12.07,52888.71,0.1,griz,18
SDSS6192,0.272,0,21.698,0.046,0.826,0.064,-0.018,0.038,9.61,53672.26,0.48,gri,17
SDSS5957,0.28,0,21.453,0.043,0.983,0.049,-0.089,0.033,10.23,53665.9,0.33,gri,17
06D3dt,0.282,0,22.168,0.027,0.986,0.026,0.117,0.019,9.59,53848.32,0.42,griz,18
03D4ag,0.285,0,21.277,0.032,1.111,0.017,-0.043,0.021,10.63,52829.98,0.15,griz,18
SDSS2165,0.288,0,21.604,0.043,1.063,0.048,-0.096,0.034,9.2,53633.45,0.42,gri,17
SDSS2789,0.29,0,21.576,0.056,0.901,0.051,-0.077,0.043,10.95,53635.31,0.43,gri,17
03D3ba,0.291,0,21.984,0.047,1.084,0.037,0.146,0.034,10.21,52748.58,0.64,gri,18
SDSS6249,0.294,0,21.821,0.045,1.086,0.056,0.064,0.035,9.6,53674.31,0.54,gri,17
SDSS10550,0.3,0,22.02,0.096,1.162,0.098,0.105,0.058,10.36,53689.87,0.75,gri,17
06D4dh,0.303,0,21.449,0.03,1.052,0.015,-0.126,0.02,9.38,53955.72,0.11,griz,18
SDSS11864,0.303,0,22.299,0.076,1.015,0.173,0.07,0.063,9.27,53700.78,1.03,gri,17
SDSS5966,0.31,0,21.798,0.069,1.02,0.076,0.002,0.05,10.72,53658.67,0.76,gri,17
SDSS6699,0.311,0,21.796,0.049,0.872,0.068,-0.126,0.04,10.73,53674.41,0.44,gri,17
SDSS5844,0.311,0,21.571,0.051,1.015,0.05,-0.099,0.033,9.33,53662.69,0.47,gri,17
SDSS6649,0.314,0,21.598,0.042,1.09,0.052,-0.057,0.037,8.39,53676.72,0.48,gri,17
SDSS7475,0.322,0,21.535,0.042,1.025,0.056,-0.123,0.033,8.95,53675.4,0.44,gri,17
05D2ab,0.323,0.001,22.001,0.03,0.987,0.021,-0.013,0.02,10.1,53380.26,0.18,griz,18
SDSS6924,0.328,0,21.633,0.042,1.076,0.067,-0.041,0.036,10.76,53673.36,0.54,gri,17
03D1fc,0.332,0.002,21.866,0.032,1.048,0.02,0.016,0.022,10.39,53001.55,0.13,griz,18
04D3kr,0.337,0,21.957,0.03,1.127,0.013,-0.004,0.021,9.29,53164.71,0.14,griz,18
SDSS2533,0.34,0,21.79,0.061,1.191,0.054,-0.04,0.043,9.38,53639.43,0.5,gri,17
04D3nh,0.34,0,22.142,0.029,1.059,0.015,0.009,0.02,9.36,53173.24,0.14,griz,18
03D1bp,0.347,0.001,22.421,0.034,0.88,0.014,0.002,0.024,10.82,52919.33,0.11,griz,18
04D2mc,0.348,0.001,22.58,0.04,0.845,0.017,0.142,0.028,10.96,53366.69,0.15,griz,18
05D2ie,0.348,0.001,22.249,0.034,0.988,0.02,-0.046,0.024,9.29,53479.84,0.16,griz,18
SDSS9207,0.35,0,22.062,0.074,1.126,0.079,0.022,0.049,10.73,53686.35,0.71,gri,17
05D2hc,0.35,0.01,22.693,0.03,0.931,0.022,0.057,0.022,10.98,53471.02,0.19,griz,18
05D2mp,0.354,0,22.417,0.038,1.138,0.026,0.058,0.024,8.66,53710.2,0.18,griz,18
03D3bl,0.355,0.001,22.951,0.032,1.002,0.033,0.241,0.026,10.83,52786.48,0.43,gri,18
04D2fs,0.357,0.002,22.437,0.031,1.01,0.017,0.081,0.023,8.39,53106.5,0.19,griz,18
04D3fk,0.358,0.001,22.537,0.03,0.96,0.013,0.11,0.021,10.19,53126,0.12,griz,18
04D1hd,0.369,0,22.166,0.029,1.071,0.011,-0.06,0.019,8.2,53267.02,0.11,griz,18
04D2cf,0.369,0.002,22.491,0.065,0.882,0.05,0.015,0.03,10.81,53075.61,1.86,griz,18
05D3jr,0.37,0.01,22.663,0.031,0.902,0.018,0.096,0.02,8.01,53493.27,0.35,griz,18
03D3ay,0.371,0,22.293,0.048,1.054,0.03,-0.018,0.036,10.2,52766.43,0.26,griz,18
05D4bm,0.372,0.001,22.22,0.031,1.02,0.012,-0.041,0.02,9.05,53566.91,0.1,griz,18
05D4fo,0.373,0.001,22.463,0.031,0.924,0.012,-0.022,0.02,8.38,53657.29,0.1,griz,18
05D4cw,0.375,0.001,22.145,0.031,0.911,0.014,-0.12,0.022,10.5,53579.23,0.19,griz,18
SDSS7779,0.381,0,21.943,0.043,1.124,0.05,-0.049,0.037,11.18,53674.38,0.46,gri,17
SDSS5737,0.393,0,22.439,0.065,1.27,0.101,0.144,0.053,9.52,53663.95,0.7,gri,17
SDSS8707,0.395,0,22.272,0.053,1.11,0.046,-0.088,0.041,9.53,53686.18,0.47,gri,17
05D4ff,0.402,0.001,22.615,0.034,0.932,0.016,0.028,0.022,10.54,53635.08,0.14,griz,18
06D3ed,0.404,0.001,22.615,0.03,0.963,0.012,-0.036,0.02,9.51,53874.92,0.19,griz,18
05D4dt,0.407,0.001,22.808,0.032,0.891,0.013,-0.023,0.021,10.43,53608.45,0.19,griz,18
06D4cq,0.411,0.001,22.562,0.031,1.04,0.013,-0.005,0.02,9.11,53946.55,0.14,griz,18
04D2fp,0.415,0.002,22.559,0.034,1.034,0.018,-0.012,0.025,10.23,53106.18,0.21,griz,18
05D2dw,0.417,0.001,22.488,0.034,1.125,0.022,0.021,0.022,8.81,53453.24,0.14,griz,18
05D3cf,0.419,0.001,22.965,0.033,0.97,0.025,0.045,0.025,9.61,53417.97,0.31,griz,18
04D4gg,0.424,0.001,22.753,0.047,1.131,0.017,0.124,0.023,10.06,53245.58,0.12,griz,18
05D2cb,0.427,0.001,23.407,0.037,1.1,0.023,0.193,0.026,9.53,53422,0.22,griz,18
04D1rh,0.435,0.001,22.582,0.035,1.085,0.026,-0.015,0.022,9.89,53349.55,0.29,griz,18
06D4co,0.437,0.001,22.521,0.031,0.96,0.013,-0.027,0.019,10.63,53939.14,0.23,griz,18
06D2gb,0.442,0.001,23.008,0.046,0.829,0.027,0.03,0.037,10.9,53871.49,0.33,griz,18
06D3df,0.442,0,22.685,0.031,1.122,0.024,0.021,0.02,10.46,53849.2,0.53,griz,18
03D3aw,0.449,0.001,22.654,0.048,1.066,0.033,-0.053,0.04,10.69,52766.16,0.31,griz,18
04D2gb,0.45,0.01,22.916,0.036,0.831,0.021,0.042,0.033,10.25,53107.51,0.25,griz,18
04D3gt,0.451,0.001,23.259,0.033,0.976,0.015,0.223,0.024,11.34,53136.78,0.18,griz,18
03D3cd,0.461,0.001,22.593,0.059,1.208,0.075,0.012,0.039,9.34,52800.38,0.27,gri,18
05D3lc,0.461,0.001,22.982,0.032,0.913,0.014,-0.021,0.021,10.78,53526.63,0.17,griz,18
03D4au,0.468,0.002,23.817,0.041,1.048,0.038,0.158,0.04,9.46,52814.8,0.58,griz,18
05D3mx,0.47,0.02,23.043,0.036,0.832,0.015,-0.057,0.031,10.79,53568.8,0.16,griz,18
04D4jr,0.47,0.01,22.642,0.033,1.16,0.018,-0.026,0.024,8.02,53297.4,0.15,griz,18
04D3df,0.47,0.01,23.521,0.034,0.787,0.017,0.108,0.028,12.07,53118.54,0.19,griz,18
04D4ju,0.472,0.001,23.771,0.035,1.045,0.027,0.184,0.032,9.24,53292.07,0.32,griz,18
05D2bv,0.474,0.001,22.719,0.035,0.989,0.02,-0.096,0.022,8.84,53403.01,0.17,griz,18
05D2ac,0.479,0.001,22.677,0.034,1.133,0.015,-0.012,0.022,11.15,53373.73,0.19,griz,18
05D3dd,0.48,0.01,22.941,0.036,0.985,0.024,-0.015,0.023,11.22,53454.4,0.15,griz,18
05D1ix,0.49,0.01,22.879,0.036,1.054,0.019,-0.034,0.023,7.47,53717.94,0.14,griz,18
03D1ax,0.496,0.001,22.992,0.035,0.925,0.013,-0.062,0.028,11.58,52914.8,0.13,griz,18
05D4af,0.499,0.001,23.108,0.038,1.01,0.033,-0.013,0.031,8.99,53535.92,0.43,griz,18
06D2bk,0.499,0.001,23.273,0.039,1.054,0.039,0.036,0.036,8.62,53772.79,0.42,griz,18
03D1au,0.504,0.001,23.012,0.035,1.137,0.02,0.017,0.028,9.52,52908.27,0.26,griz,18
05D4av,0.509,0.001,23.558,0.037,1.095,0.02,0.185,0.027,10.28,53552.17,0.29,griz,18
05D2dy,0.51,0.01,22.913,0.037,1.099,0.026,-0.1,0.028,7.74,53441.1,0.41,griz,18
04D2mj,0.513,0.001,23.783,0.04,1.154,0.025,0.171,0.031,9.55,53373.31,0.29,griz,18
04D1pg,0.515,0.002,23.57,0.041,1.092,0.024,0.119,0.033,9.81,53325.7,0.26,griz,18
05D3ci,0.515,0.001,23.564,0.069,1.166,0.049,0.16,0.04,10.01,53430.57,0.31,griz,18
04D4in,0.516,0.001,22.902,0.037,1.169,0.019,-0.034,0.025,9.1,53277.46,0.14,griz,18
06D3el,0.519,0.001,22.913,0.036,1.08,0.016,-0.082,0.024,9.55,53892.92,0.13,griz,18
04D2gc,0.522,0.001,23.327,0.038,1.133,0.027,0.037,0.034,9.33,53117.08,0.28,griz,18
06D2ca,0.531,0.001,23.301,0.045,1.099,0.052,0.06,0.032,9.81,53793.84,0.5,griz,18
06D2cc,0.532,0.001,23.468,0.05,0.944,0.04,0.089,0.046,10.87,53787.48,0.51,griz,18
05D2eb,0.534,0.001,23.006,0.045,1.113,0.036,-0.036,0.032,8.68,53450.77,0.28,griz,18
05D4ek,0.536,0.001,23.303,0.04,1.059,0.021,0.081,0.029,10.85,53634.95,0.22,griz,18
05D4be,0.537,0.001,22.916,0.037,1.1,0.017,-0.114,0.025,9.44,53549.79,0.19,griz,18
04D4bq,0.55,0.018,23.347,0.043,1.095,0.029,0.134,0.038,8.71,53192.69,0.3,griz,18
04D3hn,0.552,0,23.503,0.039,0.935,0.017,0.096,0.034,10.79,53136.13,0.2,griz,18
06D2ck,0.552,0.001,23.447,0.043,1.05,0.049,-0.002,0.037,11.19,53792.86,0.52,griz,18
06D4bo,0.552,0.001,23.231,0.051,1.098,0.026,-0.028,0.03,9.96,53917.42,0.39,griz,18
05D1ee,0.559,0.001,23.556,0.041,0.953,0.026,0.023,0.035,10.97,53659.84,0.22,griz,18
04D1hx,0.56,0.002,23.715,0.039,1.042,0.023,0.143,0.033,9.65,53258.95,0.31,griz,18
05D1kl,0.56,0.001,24.154,0.048,1.075,0.036,0.164,0.042,8.43,53741.96,0.42,griz,18
05D1cc,0.563,0.001,23.496,0.041,0.981,0.021,-0.005,0.029,9.32,53606.68,0.24,griz,18
05D1dn,0.566,0.001,23.317,0.04,1.129,0.025,0.018,0.037,10.23,53648.35,0.31,griz,18
03D4gl,0.571,0.001,23.314,0.076,1.238,0.572,0.039,0.063,9.32,52952.65,0.47,griz,18
05D2dt,0.574,0.004,23.656,0.047,1.024,0.043,0.045,0.039,10.24,53449.73,0.34,griz,18
06D3et,0.576,0.002,23.512,0.041,0.861,0.018,-0.039,0.034,10.77,53893.17,0.16,griz,18
05D3jq,0.579,0,23.322,0.038,1.161,0.025,0.035,0.026,8.83,53499.61,0.33,griz,18
05D3gp,0.58,0.01,23.521,0.059,0.946,0.057,-0.054,0.05,9.02,53454.18,0.39,griz,18
03D4gf,0.58,0.01,23.336,0.04,1.095,0.036,0.01,0.04,7.64,52935.43,0.49,griz,18
05D1dx,0.58,0.01,23.304,0.039,1.078,0.017,-0.027,0.029,9.42,53665.51,0.18,griz,18
03D1aw,0.582,0.005,23.584,0.042,1.098,0.033,0.001,0.04,9.17,52901.33,0.38,griz,18
04D1jg,0.584,0.001,23.272,0.041,1.028,0.021,-0.079,0.037,11.34,53272.65,0.22,griz,18
04D1kj,0.585,0.001,23.345,0.043,1.034,0.019,-0.052,0.029,9.93,53296.47,0.19,griz,18
05D4ej,0.585,0.001,23.746,0.045,1.034,0.023,0.02,0.034,10.13,53626.85,0.2,griz,18
04D1sa,0.585,0.001,23.559,0.045,0.94,0.033,-0.064,0.039,10.62,53359.47,0.31,griz,18
05D1hm,0.587,0.001,24.102,0.05,1.126,0.034,0.155,0.04,9.85,53694.83,0.45,griz,18
05D4bf,0.589,0.001,23.627,0.044,1.029,0.03,0.018,0.041,10.23,53550.08,0.39,griz,18
04D2mh,0.59,0.01,23.403,0.042,1.163,0.022,0.041,0.031,9.1,53375.08,0.26,griz,18
04D1oh,0.59,0.01,23.388,0.043,1.01,0.029,-0.048,0.035,9.17,53307.44,0.22,griz,18
03D4gg,0.592,0.002,23.413,0.047,1.098,0.052,0.046,0.045,10.16,52942.21,0.58,griz,18
05D3lr,0.6,0.01,23.854,0.051,1.02,0.043,0.096,0.037,10.87,53540.16,0.29,griz,18
05D4ef,0.605,0.001,23.832,0.047,0.839,0.023,-0.054,0.035,10.44,53624.69,0.26,griz,18
05D2he,0.608,0.001,23.953,0.044,1.044,0.043,0.073,0.037,9.42,53466.53,0.53,griz,18
03D4dy,0.61,0.02,23.268,0.056,1.127,0.023,-0.06,0.032,5.29,52902.94,0.3,griz,18
04D3do,0.61,0.02,23.577,0.042,0.906,0.019,-0.097,0.032,10.48,53111.96,0.32,griz,18
03D1dt,0.612,0.002,23.3,0.047,1.048,0.066,-0.054,0.04,9.72,52960.49,1.12,griz,18
04D4an,0.613,0.002,24.046,0.054,0.987,0.056,0.025,0.04,10.54,53182.9,0.56,griz,18
05D1ck,0.617,0.001,24.074,0.046,1.007,0.03,0.111,0.035,9.72,53627.42,0.27,griz,18
04D2an,0.62,0.019,23.597,0.046,0.991,0.083,-0.019,0.046,7.54,53030.91,0.74,gri,18
04D3co,0.62,0.01,23.757,0.05,0.936,0.025,0.019,0.05,9.52,53100.61,0.28,griz,18
03D4dh,0.627,0,23.39,0.043,1.13,0.022,-0.045,0.04,9.41,52904.85,0.3,griz,18
04D4fx,0.629,0.002,23.501,0.045,1.115,0.024,0.01,0.041,8.31,53241.4,0.22,griz,18
05D2ci,0.63,0.001,23.612,0.058,0.901,0.031,0.045,0.054,10.98,53427.11,0.27,griz,18
05D1cb,0.632,0.001,23.715,0.043,0.967,0.025,-0.001,0.034,10.11,53615.9,0.37,griz,18
03D4at,0.634,0.001,23.733,0.047,1.019,0.041,-0.008,0.053,8.75,52815.65,0.62,griz,18
04D1pu,0.639,0.001,24.024,0.062,0.843,0.038,0.094,0.071,9.31,53329.48,0.49,griz,18
05D2ec,0.64,0.001,23.672,0.059,0.994,0.026,-0.063,0.043,10,53438.98,0.49,griz,18
05D4ag,0.64,0.02,23.895,0.056,1.055,0.06,0.068,0.051,8.38,53537.53,0.7,griz,18
05D3ax,0.643,0.001,23.62,0.058,1.071,0.051,-0.034,0.051,8.44,53399.04,0.29,griz,18
04D3cy,0.643,0.001,23.8,0.06,0.978,0.026,-0.011,0.051,9.98,53100.5,0.28,griz,18
05D3lb,0.647,0,23.896,0.043,1.04,0.022,0.035,0.039,8.93,53527.39,0.29,griz,18
05D3kt,0.648,0,23.965,0.045,0.979,0.026,0.085,0.039,9.14,53530.06,0.31,griz,18
04D1sk,0.663,0.001,24.058,0.046,1.028,0.041,0.1,0.044,10.42,53354.32,0.52,griz,18
05D3hs,0.664,0.001,23.501,0.049,1.045,0.026,-0.141,0.039,9,53488.79,0.24,griz,18
05D3mh,0.67,0.02,24.106,0.061,1.084,0.047,0.053,0.044,10.08,53556.95,0.55,griz,18
03D1co,0.679,0.001,24.088,0.054,1.084,0.04,-0.019,0.052,8.65,52953.09,0.36,griz,18
05D2bt,0.68,0.02,23.521,0.051,1.067,0.029,-0.113,0.039,9.68,53400.17,0.22,griz,18
06D3cc,0.683,0.001,24.067,0.073,1.082,0.057,0.006,0.062,10.08,53759.54,0.54,griz,18
04D4ic,0.687,0.001,24.121,0.056,0.9,0.043,-0.01,0.057,9.32,53255.1,0.63,griz,18
06D3em,0.69,0.01,24.377,0.051,1.006,0.04,0.149,0.048,9.46,53880.01,0.59,griz,18
05D1ke,0.69,0.01,23.611,0.044,1.035,0.027,-0.077,0.039,8.85,53729.81,0.36,griz,18
03D4cz,0.695,0.001,24.045,0.061,0.818,0.042,-0.071,0.069,10.39,52893.27,0.41,griz,18
05D2ck,0.698,0.001,24.474,0.054,0.733,0.046,-0.015,0.057,10.94,53416.39,0.49,griz,18
04D4ib,0.699,0.001,23.595,0.046,1.101,0.025,-0.093,0.042,10.99,53266.11,0.3,griz,18
04D2iu,0.7,0.02,24.246,0.06,0.806,0.042,0.021,0.066,12.07,53119.68,0.5,griz,18
06D4ba,0.7,0.01,23.761,0.06,1.065,0.045,-0.081,0.055,8.54,53903.7,0.44,griz,18
05D2le,0.7,0.001,23.961,0.05,1.054,0.035,-0.012,0.042,8.03,53693.86,0.37,griz,18
05D4cq,0.701,0.001,23.73,0.047,1.077,0.029,-0.058,0.044,10.55,53584.9,0.41,griz,18
05D4bj,0.701,0.001,24.103,0.049,1.012,0.034,0.059,0.046,9.27,53562.85,0.38,griz,18
04D1si,0.702,0.001,23.867,0.048,0.994,0.033,-0.003,0.043,10.64,53358.91,0.35,griz,18
04D4hu,0.703,0,23.92,0.048,1.005,0.028,-0.078,0.045,9.48,53255.5,0.36,griz,18
05D3gv,0.715,0.001,24.001,0.053,0.911,0.032,-0.043,0.049,10.73,53465.29,0.56,griz,18
05D3jh,0.718,0.001,23.753,0.049,0.927,0.021,-0.096,0.04,10.81,53491.55,0.36,griz,18
06D3gh,0.72,0.005,23.926,0.056,1.034,0.042,-0.021,0.052,9.3,53921.94,0.38,griz,18
04D1aj,0.721,0.011,23.904,0.05,1.03,0.044,-0.004,0.052,12.07,52997.83,0.7,griz,18
05D4ev,0.722,0.001,24.259,0.056,0.896,0.033,-0.014,0.05,10.88,53630.32,0.33,griz,18
06D3do,0.725,0,23.898,0.052,1.096,0.062,-0.044,0.047,8.71,53845.9,2.02,griz,18
06D3bz,0.727,0.02,23.959,0.056,0.923,0.04,-0.057,0.052,10.29,53775.52,0.43,griz,18
04D2gp,0.732,0.001,24.219,0.063,0.849,0.043,-0.091,0.064,8.83,53109.28,0.62,griz,18
06D4bw,0.732,0.001,23.904,0.052,1.066,0.029,0.005,0.049,9.28,53907.56,0.47,griz,18
05D2fq,0.733,0.001,23.997,0.05,1.084,0.034,-0.033,0.045,10.88,53461.76,0.43,griz,18
05D2ct,0.734,0.001,24.385,0.065,1.042,0.051,0.093,0.057,9.76,53424.12,0.44,griz,18
04D1pp,0.735,0.001,23.998,0.049,0.865,0.025,-0.064,0.042,11.38,53319.28,0.35,griz,18
05D3jk,0.736,0.001,23.717,0.047,1.082,0.022,-0.079,0.038,9.46,53506.88,0.23,griz,18
05D1eo,0.737,0.001,24.316,0.052,0.854,0.032,-0.038,0.051,11.12,53666.22,0.43,griz,18
04D2ja,0.74,0.001,24.129,0.063,1.04,0.045,-0.131,0.053,10.99,53121.78,0.49,griz,18
04D3fq,0.742,0.001,24.116,0.052,0.956,0.04,-0.03,0.052,9.3,53119.05,0.52,griz,18
04D2kr,0.744,0.001,23.865,0.05,1.057,0.035,-0.02,0.042,11.1,53358.33,0.45,griz,18
05D3jb,0.745,0.001,23.939,0.049,1.102,0.025,-0.025,0.041,10.47,53514.31,0.23,griz,18
04D3ks,0.75,0.01,23.855,0.056,1.075,0.032,-0.03,0.049,8.46,53162.41,0.34,griz,18
04D4im,0.751,0.001,23.852,0.051,1.148,0.028,0.043,0.046,11.2,53284.52,0.37,griz,18
04D3oe,0.756,0.001,24.06,0.062,0.908,0.03,-0.161,0.046,7.49,53194.41,0.32,griz,18
05D2nt,0.757,0.001,24.099,0.051,1.156,0.034,-0.006,0.042,9.05,53726.37,0.48,griz,18
05D3mn,0.76,0.001,24.043,0.048,0.987,0.034,-0.021,0.042,10.43,53558.39,0.38,griz,18
06D3gx,0.76,0.02,23.885,0.057,1.043,0.062,-0.089,0.057,10.44,53933.34,0.65,griz,18
05D4cn,0.763,0.001,24.102,0.051,1.111,0.027,0.015,0.045,10.46,53582.1,0.37,griz,18
05D1if,0.763,0.001,24.059,0.052,1.019,0.029,-0.035,0.042,12.07,53714.26,0.24,griz,18
05D3hh,0.766,0.001,24.319,0.063,1.07,0.045,0.018,0.051,10.4,53478.31,0.45,griz,18
04D1qd,0.767,0.001,24.228,0.052,1.007,0.029,0.012,0.044,10.5,53328.25,0.38,griz,18
04D1de,0.768,0,24.144,0.051,1.101,0.027,-0.079,0.043,9.64,53244.82,0.25,griz,18
04D4id,0.769,0.002,24.212,0.06,1.074,0.046,-0.1,0.05,10.32,53259.85,0.77,griz,18
04D1pc,0.77,0.001,24.553,0.053,0.97,0.034,0.067,0.049,10.42,53323.59,0.48,griz,18
05D4bi,0.775,0.001,24.051,0.055,1.098,0.042,-0.094,0.051,9.11,53558.78,0.6,griz,18
04D1jd,0.778,0.001,24.425,0.054,1.01,0.031,0.051,0.053,10.38,53257.75,0.49,griz,18
05D4cs,0.79,0.01,23.967,0.051,1.135,0.024,-0.061,0.041,8.98,53587.27,0.35,griz,18
03D4fd,0.791,0.003,24.232,0.067,1.072,0.05,-0.024,0.051,10.01,52937.1,0.82,griz,18
04D1ks,0.798,0.012,24.145,0.054,1.079,0.029,0.076,0.048,7.97,53289.87,0.43,griz,18
05D3dh,0.8,0.02,24.203,0.057,1.009,0.031,0.078,0.052,12.07,53440.5,0.67,griz,18
03D1fq,0.8,0.02,24.512,0.061,0.87,0.039,-0.045,0.052,10.65,52998.46,0.55,griz,18
05D3cx,0.805,0.001,23.913,0.056,1.051,0.047,-0.11,0.043,9.84,53448.96,0.64,griz,18
05D3ha,0.805,0.001,24.388,0.07,0.972,0.043,0.09,0.054,11.16,53483.66,0.36,griz,18
05D4gw,0.808,0.001,24.481,0.066,1.025,0.048,0.047,0.054,8.98,53677.09,0.75,griz,18
05D4dy,0.81,0.02,24.617,0.06,0.956,0.043,-0.083,0.052,8.32,53614.82,0.76,griz,18
04D3ny,0.81,0.01,24.262,0.075,1.024,0.061,0.011,0.054,10.03,53193.95,0.67,griz,18
04D4dm,0.811,0.001,24.402,0.061,0.981,0.036,0.021,0.05,8.98,53198.39,0.63,griz,18
04D3mk,0.813,0.001,24.294,0.058,0.954,0.03,-0.104,0.046,9.72,53178.36,0.32,griz,18
04D3nc,0.817,0.001,24.293,0.06,1.139,0.052,-0.022,0.048,9.13,53186.54,0.46,griz,18
06D2ce,0.82,0.02,24.215,0.067,1.219,0.085,0.018,0.061,11.33,53798.58,1.05,griz,18
04D3lu,0.822,0,24.377,0.057,0.934,0.026,-0.084,0.047,11.11,53167.58,0.4,griz,18
05D1cl,0.83,0.01,24.353,0.06,1.242,0.042,-0.018,0.047,8.42,53625.87,0.46,griz,18
04D3cp,0.83,0.02,24.111,0.06,1.049,0.03,-0.18,0.046,10.68,53107.95,0.32,griz,18
04D2al,0.836,0.001,24.319,0.081,0.933,0.102,-0.04,0.069,9.64,53035.26,1.16,griz,18
Elvis,0.839,0.001,24.397,0.052,0.985,0.047,0,0.044,10.63,52780.42,1.46,"F606W,F775W,F8","50LP,F110W      19"
05D4fg,0.839,0.001,24.195,0.058,1.024,0.03,-0.102,0.046,11.28,53640.49,0.4,griz,18
06D2ga,0.84,0.01,24.29,0.083,1.176,0.092,-0.001,0.061,9.05,53868.24,0.73,griz,18
05D1az,0.842,0.001,24.254,0.06,1.184,0.041,0.015,0.048,8.63,53601.95,0.34,griz,18
05D4hn,0.842,0.001,24.196,0.065,1.122,0.077,0.048,0.057,8.47,53692.18,0.56,griz,18
04D1hy,0.85,0.02,24.307,0.058,1.11,0.031,-0.026,0.045,8.09,53263.7,0.42,griz,18
06D4ce,0.85,0.02,24.205,0.073,1.168,0.059,-0.059,0.051,8.86,53925.74,0.53,griz,18
05D3kp,0.85,0.01,24.139,0.056,1.131,0.025,-0.082,0.042,10.62,53528.63,0.35,griz,18
05D4dw,0.855,0.001,24.438,0.071,1.046,0.038,0.008,0.049,9.99,53612.73,0.57,griz,18
04D1ff,0.86,0.013,24.243,0.06,1.08,0.031,0.046,0.046,8.73,53250.29,0.34,griz,18
05D1iz,0.86,0.02,24.392,0.084,1.095,0.071,-0.082,0.061,8.91,53692.93,0.77,griz,18
05D1er,0.86,0.02,24.618,0.067,1.042,0.047,0.062,0.056,10.38,53666.08,0.56,griz,18
03D1bk,0.865,0.001,24.345,0.067,1.018,0.03,-0.167,0.046,11.42,52920.56,0.28,griz,18
05D1em,0.866,0.001,24.283,0.062,1.017,0.031,-0.1,0.047,11.04,53666.39,0.34,griz,18
04D4ii,0.866,0.001,24.399,0.065,1.165,0.048,0.039,0.051,10.93,53272.94,0.52,griz,18
03D1ew,0.868,0.001,24.359,0.072,1.036,0.038,-0.036,0.054,8.53,52990.26,0.74,griz,18
05D2nn,0.87,0.02,24.395,0.086,0.879,0.059,-0.147,0.056,12.07,53711.75,0.64,griz,18
04D4bk,0.88,0.01,24.327,0.063,1.181,0.047,-0.061,0.05,7.84,53190.84,0.4,griz,18
05D3cq,0.89,0.002,24.22,0.064,0.96,0.046,-0.151,0.048,8.88,53448.16,0.89,griz,18
05D2by,0.891,0.001,24.568,0.068,1.132,0.051,-0.008,0.051,9.41,53411.72,0.8,griz,18
03D4di,0.899,0.001,24.314,0.075,1.146,0.044,-0.043,0.051,9.88,52899.79,0.54,griz,18
05D3ht,0.901,0.001,24.417,0.073,1.118,0.041,-0.095,0.048,9.66,53487.9,0.42,griz,18
04D3gx,0.91,0.02,24.666,0.079,0.94,0.045,-0.11,0.049,12.07,53124.9,0.52,griz,18
04D1ow,0.915,0.014,24.366,0.07,1.004,0.034,-0.124,0.044,9.4,53310.59,0.34,griz,18
05D2bw,0.92,0.02,24.4,0.086,0.972,0.059,-0.111,0.054,9.14,53399.28,0.52,riz,18
05D2ay,0.92,0.01,24.672,0.084,0.983,0.072,0.014,0.073,10.28,53374.24,0.86,riz,18
05D2ob,0.924,0.001,24.822,0.075,1.103,0.068,0.033,0.055,8.56,53726.2,0.98,riz,18
03D4cy,0.927,0.001,24.705,0.098,1.103,0.07,-0.032,0.058,9.7,52899.21,0.88,riz,18
06D2cd,0.93,0.001,24.876,0.119,1.166,0.172,0.051,0.079,7.91,53789.26,1.2,riz,18
04D4jy,0.93,0.02,24.765,0.112,1.022,0.055,-0.076,0.058,8.36,53288.14,0.83,riz,18
04D4ih,0.934,0.001,24.43,0.075,1.03,0.037,-0.166,0.044,10.85,53268.56,0.43,riz,18
Vilas,0.935,0.01,24.473,0.07,1.036,0.032,-0.028,0.05,10.91,52721.19,1.05,"F606W,F775W,F8",50LP            19
04D4hf,0.936,0.014,24.811,0.099,1.081,0.066,0.028,0.065,8.53,53235.8,1.52,riz,18
05D3la,0.936,0.001,24.494,0.07,0.967,0.033,-0.083,0.044,9.6,53534.85,0.41,riz,18
03D4cx,0.949,0.014,24.464,0.082,0.947,0.074,0.019,0.055,11.01,52881.82,1.07,riz,18
04D1pd,0.95,0.02,24.734,0.078,1.039,0.05,0.022,0.05,10.22,53317.45,0.69,riz,18
04D3ml,0.95,0.02,24.56,0.079,1.117,0.045,-0.077,0.046,9.88,53179.56,0.55,riz,18
04D3nr,0.96,0.02,24.587,0.08,0.99,0.052,0.005,0.047,12.07,53184.63,0.51,riz,18
05D3km,0.96,0.02,24.773,0.079,1.022,0.037,-0.123,0.044,12.07,53521.48,0.44,riz,18
04D4jw,0.961,0.001,24.848,0.143,0.892,0.046,-0.173,0.056,11.23,53284.79,0.72,riz,18
Patuxent,0.97,0.01,25.026,0.062,0.962,0.077,-0.129,0.097,10.63,53199.16,1.76,"F775W,F850LP",19
Ombo,0.975,0.001,24.891,0.063,1.208,0.044,0.018,0.044,9.32,53365.64,0.75,"F775W,F850LP,F",110W            19
05D2my,0.981,0.001,24.688,0.081,1.13,0.054,-0.026,0.05,10.6,53701.5,1,riz,18
04D3lp,0.983,0.001,25.023,0.135,0.816,0.059,-0.044,0.064,8.9,53147.72,0.85,riz,18
04D1rx,0.985,0.001,24.77,0.084,1.081,0.053,-0.062,0.05,9.77,53351.77,0.97,riz,18
04D1iv,0.998,0.001,24.624,0.08,1.152,0.039,-0.074,0.046,9.03,53263.58,0.54,riz,18
06D4cl,1,0.02,24.578,0.086,1.13,0.042,-0.065,0.048,9.33,53936.99,0.6,riz,18
04D3dd,1.002,0.001,25.234,0.152,1.112,0.077,-0.016,0.063,9.48,53113.4,1.16,riz,18
Strolger,1.01,0.01,24.99,0.087,1.195,0.129,-0.077,0.097,9.68,53467.65,4.74,"F775W,F850LP,F",110W            19
Eagle,1.02,0.01,24.968,0.071,1.017,0.036,-0.061,0.062,10,53292.8,0.94,"F775W,F850LP,F",110W            19
Ferguson,1.02,0.01,24.867,0.094,1.023,0.05,0.007,0.065,9.14,53461.03,2.23,"F775W,F850LP,F",110W            19
04D4dw,1.031,0.001,24.546,0.104,1.127,0.048,-0.08,0.054,10.78,53199.54,0.7,riz,18
06D3en,1.06,0.02,24.756,0.133,0.858,0.05,-0.139,0.055,7.72,53880.11,1.01,riz,18
Gabi,1.12,0.01,25.121,0.068,1.048,0.037,-0.037,0.053,8.34,53486.74,0.6,"F775W,F850LP,F",110W            19
Greenberg,1.14,0.01,24.727,0.078,1.09,0.064,-0.055,0.063,7.83,53259.11,3.28,"F775W,F850LP,F",110W            19
Lancaster,1.23,0.01,26.054,0.084,0.969,0.083,0.073,0.048,10.13,53431.17,2,"F775W,F850LP,F","110W,F160W      19"
Torngasek,1.265,0.01,25.757,0.082,1.04,0.083,0.028,0.069,10.83,52691.6,2.74,"F775W,F850LP,F",110W            19
Aphrodite,1.3,0.01,25.691,0.081,1.058,0.045,0.013,0.038,9.38,52551.29,0.56,"F775W,F850LP,F","110W,F160W      19"
Borg,1.34,0.01,25.87,0.106,1.192,0.098,0.09,0.065,10,52732.13,2.32,"F850LP,F110W,F",160W            19
Sasquatch,1.39,0.01,25.956,0.149,1.193,0.189,0.112,0.077,11.14,53142.59,8.07,"F775W,F850LP,F","110W,F160W      19"
